4;9;7;6;0;1;5;3;4;8;1;5;0;9;6;5;6;0;22;17;12;1;1;0;0;5;0;4;0;16;2;7;0;5;0;7;5;0;4;12;20;2;10;10;6;2;5;2;2;0;0;3;5;8
3;17;4;3;1;0;1;0;4;6;4;7;0;21;11;9;6;0;19;19;9;1;0;0;1;8;0;2;0;14;0;20;0;4;1;4;7;0;8;17;29;3;13;11;9;7;4;3;1;0;0;0;7;9
4;7;11;10;2;3;5;7;2;1;3;9;2;11;8;15;16;0;15;12;9;0;0;0;2;4;0;4;0;13;2;8;0;10;0;4;1;0;0;12;7;3;4;2;0;2;5;12;9;1;1;4;8;13
3;7;8;4;2;5;1;6;0;1;3;10;2;6;5;19;17;0;22;10;5;2;1;0;2;8;0;5;0;22;2;15;0;6;1;4;7;0;2;8;8;0;9;3;4;0;3;5;9;0;1;2;5;15
1;0;3;1;0;0;2;2;4;0;0;3;3;12;12;25;9;1;21;25;13;0;1;0;7;4;0;5;0;19;3;9;0;3;0;1;4;0;1;5;5;1;5;7;0;0;5;3;6;0;1;2;6;7
3;0;2;3;0;0;1;2;1;0;1;8;0;13;9;21;12;0;17;17;5;0;1;1;6;8;0;2;0;12;2;16;0;8;0;1;2;1;3;6;9;1;6;5;1;3;12;3;4;1;0;4;1;10
17;27;17;4;1;5;1;11;5;13;1;12;5;9;14;15;6;2;19;11;21;4;5;0;0;13;0;8;0;29;4;15;0;4;1;3;10;0;5;8;4;1;3;4;2;4;8;1;5;0;0;4;4;10
2;0;6;3;0;1;1;3;2;2;1;7;2;8;12;19;11;0;19;13;11;2;0;1;7;3;0;3;0;10;4;6;1;4;0;4;1;0;0;12;5;1;5;4;0;2;4;4;2;0;0;1;4;7
8;23;6;3;0;2;3;8;2;3;5;32;1;14;10;5;11;0;6;11;14;4;1;0;1;9;0;4;0;23;5;6;0;2;0;2;7;0;1;9;6;2;7;3;1;3;1;4;8;1;0;2;2;6
18;28;6;4;1;3;10;12;7;9;9;19;1;9;16;5;9;2;13;5;9;5;3;0;0;8;0;4;0;26;4;14;0;3;0;8;10;0;6;12;9;4;4;4;1;3;5;2;9;0;1;0;1;3
16;22;11;4;1;4;7;6;8;14;12;14;0;14;8;7;3;0;19;6;14;1;4;0;0;9;0;4;1;27;4;12;0;6;1;6;6;1;2;11;15;2;7;2;2;3;7;1;5;0;0;2;6;8
9;30;9;8;0;3;2;7;5;7;5;21;3;9;15;6;6;0;7;17;16;0;0;0;0;8;0;7;0;31;5;8;0;4;0;2;7;0;2;11;13;1;12;7;7;1;6;1;4;0;0;4;4;8
21;22;10;8;1;3;5;2;7;8;12;26;3;18;3;9;4;1;23;11;22;4;2;0;0;9;0;6;0;21;2;9;0;10;1;1;7;1;6;13;13;1;7;6;3;6;6;3;15;0;1;5;6;10
14;28;9;7;0;4;5;6;5;14;10;11;1;16;8;6;5;0;16;21;22;1;1;0;0;10;0;2;0;26;9;17;2;4;0;6;3;0;3;12;14;2;15;8;0;2;3;2;6;1;0;2;5;15
11;34;6;3;0;2;0;12;4;11;6;17;3;21;9;11;4;1;14;11;7;0;1;0;0;3;0;5;0;18;3;15;0;4;0;7;2;0;4;14;10;0;2;7;3;3;6;0;3;0;1;1;3;5
3;13;15;6;2;0;3;5;4;4;3;19;1;14;6;14;9;0;11;17;16;1;1;1;2;3;0;5;0;20;2;12;1;5;0;6;7;0;5;17;17;0;18;9;8;6;2;2;6;0;1;1;3;8
10;23;7;2;0;1;1;8;7;8;10;20;3;9;10;6;5;0;13;16;16;5;3;0;0;7;0;5;0;28;1;5;0;5;0;4;4;0;5;12;6;1;7;8;8;1;1;3;4;0;1;5;4;10
5;8;6;9;1;1;1;2;2;4;0;12;0;9;8;12;6;0;19;24;14;0;0;0;0;6;0;1;0;19;3;8;0;4;0;10;1;0;4;24;20;2;10;14;3;2;4;3;1;0;1;3;5;7
4;4;8;3;1;2;3;4;2;6;1;11;0;3;6;9;19;0;19;14;8;0;2;0;3;2;0;0;0;17;2;9;0;7;0;2;0;0;0;5;8;0;4;5;0;1;5;12;13;0;2;4;4;8
4;0;2;1;1;1;0;4;1;2;0;12;2;8;6;20;10;0;18;11;9;1;1;1;2;3;0;3;0;15;2;10;0;6;0;3;4;0;3;7;9;1;4;3;2;3;1;2;5;1;0;1;1;5
4;0;1;2;0;1;0;6;0;0;1;14;1;3;10;14;12;0;23;22;11;0;0;0;9;1;0;3;0;7;2;12;0;9;0;4;0;0;5;4;8;3;8;3;0;0;6;3;7;0;1;2;1;6
14;28;5;2;0;2;2;8;5;8;8;21;3;13;8;6;3;1;12;20;22;1;5;0;0;14;0;6;0;23;3;17;0;10;0;6;6;0;7;13;9;0;4;7;2;2;3;1;3;1;1;5;3;8
3;3;8;5;0;3;0;2;4;4;0;6;3;8;15;19;18;0;11;17;8;1;0;0;3;3;0;3;0;20;4;11;0;12;1;3;1;0;6;15;12;0;7;3;2;3;7;5;16;1;1;4;10;9
3;2;5;1;4;1;2;3;1;2;0;5;3;4;8;14;14;1;21;28;5;1;0;0;5;8;0;2;0;25;2;11;0;5;0;6;3;0;4;4;5;1;0;6;0;1;5;5;2;1;0;3;2;9
7;13;11;10;0;0;0;6;4;3;1;8;3;10;8;11;5;0;19;14;9;0;2;0;0;9;0;4;0;18;5;11;0;8;1;4;2;0;2;17;19;1;6;7;5;1;6;1;2;0;0;4;3;14
2;4;1;6;0;1;1;2;2;0;3;7;3;6;3;18;10;1;11;14;8;0;1;0;2;2;0;2;0;15;1;17;0;2;5;2;2;0;2;7;5;0;1;3;2;0;2;8;17;1;0;3;6;8
16;25;11;4;0;1;0;7;6;10;16;13;1;10;5;7;4;1;14;12;12;1;3;0;0;6;0;2;0;21;4;7;0;7;0;2;7;0;3;12;11;0;7;4;2;1;4;2;4;0;0;4;6;11
3;7;5;9;0;2;0;4;2;15;2;11;1;12;11;9;16;0;22;11;6;1;1;0;1;6;0;5;0;13;4;10;0;4;1;4;8;0;3;23;17;1;15;5;4;6;7;1;5;0;3;4;6;14
7;4;6;5;1;0;1;9;1;4;0;24;6;6;11;18;12;0;24;13;10;0;1;0;5;4;0;6;0;14;4;16;0;5;3;8;6;0;4;9;3;0;7;9;2;2;3;6;10;2;1;2;3;6
3;1;4;5;0;1;0;7;2;0;0;5;1;9;8;12;11;0;10;25;7;0;2;1;3;3;0;2;0;14;8;22;0;5;1;5;3;0;2;10;12;0;5;2;2;2;6;4;11;1;0;5;4;12
10;27;9;8;0;3;1;8;7;8;4;31;3;14;8;8;11;0;12;24;15;0;0;0;0;6;0;8;0;25;6;14;1;7;2;4;5;0;2;12;14;2;7;3;5;1;4;0;1;0;0;2;7;12
13;33;7;6;0;4;1;7;8;6;7;13;3;15;12;7;3;4;13;10;16;4;2;0;0;15;0;5;0;31;3;19;1;9;0;8;8;0;5;17;6;0;9;3;1;1;4;2;9;0;0;1;3;15
8;35;9;4;0;1;2;7;7;6;4;25;1;11;16;5;4;1;19;36;11;2;3;0;0;7;0;6;0;20;10;8;2;8;1;10;4;0;2;13;10;1;5;2;1;3;5;1;18;1;0;2;3;10
12;27;14;8;2;2;3;5;7;7;2;17;2;12;10;1;2;0;21;23;15;2;0;0;1;10;0;5;0;18;5;21;0;10;1;8;6;0;2;17;15;1;11;15;5;2;2;1;5;0;0;3;4;6
14;27;9;10;1;1;1;8;3;8;0;29;5;4;8;22;12;1;16;8;15;0;1;0;0;8;0;5;0;29;5;16;0;4;0;7;5;0;5;11;19;0;8;6;2;1;3;3;11;0;1;5;6;10
2;8;2;3;0;0;0;2;8;4;0;8;0;9;8;4;6;0;20;32;6;0;0;0;0;4;0;2;0;13;9;2;0;5;1;0;2;0;2;18;20;4;14;11;5;3;4;1;1;0;0;2;4;10
3;7;0;6;1;1;0;1;2;11;5;12;1;15;10;7;11;0;19;15;5;0;1;0;0;6;0;6;0;24;7;9;0;3;0;4;6;0;6;19;16;0;13;10;7;4;3;0;2;0;0;3;7;19
8;26;10;4;3;3;5;4;3;6;0;11;2;11;13;9;11;0;9;20;17;1;1;0;0;11;0;2;0;15;7;10;0;4;0;2;3;1;3;14;8;0;5;5;1;6;2;5;4;1;2;3;2;8
11;36;9;3;0;1;1;7;5;5;4;17;2;9;10;11;5;5;7;8;12;2;2;0;0;4;0;3;0;34;7;11;0;7;0;8;12;0;1;8;5;1;5;6;1;2;3;1;7;0;2;1;3;3
1;8;8;8;0;2;5;3;1;2;3;6;0;12;9;19;21;0;15;23;20;1;0;1;2;3;0;0;0;17;5;20;1;7;0;4;2;0;1;9;5;0;5;3;1;3;8;10;16;4;1;2;5;18
2;0;1;1;0;1;0;3;1;2;1;10;1;6;15;11;12;0;19;21;5;0;1;1;3;1;0;2;0;17;3;13;0;6;1;4;0;0;3;4;5;0;1;5;0;0;2;1;8;0;3;4;3;2
15;40;6;9;0;3;1;8;5;7;9;12;3;14;19;5;3;1;11;9;23;1;3;0;0;14;0;7;0;30;3;9;1;3;2;3;10;0;1;17;4;0;5;7;2;1;3;1;5;1;0;3;7;10
3;0;8;2;0;3;0;3;2;2;1;8;0;2;9;14;14;1;24;21;8;0;2;2;3;7;0;6;0;18;7;18;0;6;1;3;4;0;2;6;6;0;6;3;2;0;1;0;13;3;4;3;2;5
3;6;3;6;0;0;0;3;3;0;4;7;0;15;12;13;12;0;8;21;14;3;1;1;4;5;0;4;0;14;7;19;1;11;1;3;0;0;1;8;8;0;1;1;1;0;0;8;17;4;5;5;6;6
3;2;5;5;0;1;0;7;2;4;3;5;3;10;6;12;9;0;16;22;8;0;1;0;4;5;0;3;0;21;0;14;0;4;0;3;2;0;1;4;9;2;6;4;3;0;2;3;6;2;4;4;2;6
2;2;6;4;0;0;0;3;0;1;3;7;4;3;9;17;12;0;12;20;3;0;2;1;2;8;0;0;0;21;2;16;0;3;3;6;2;0;1;5;5;0;9;8;0;1;7;3;12;3;4;3;7;9
5;6;6;5;0;0;0;2;2;1;3;8;1;6;8;10;12;0;17;26;5;1;3;0;5;2;0;1;0;18;4;12;1;7;0;3;3;0;1;10;19;1;22;5;3;0;4;5;14;3;6;3;12;16
6;1;11;5;2;3;0;2;1;5;2;8;2;3;8;14;14;0;13;20;10;1;1;0;1;3;0;3;0;14;8;16;0;8;2;0;1;0;1;5;6;1;2;6;3;1;1;9;13;6;5;0;4;3
2;0;2;3;0;3;1;6;5;2;1;6;3;2;11;14;8;0;18;19;10;0;1;0;6;0;0;5;0;7;8;13;0;10;1;4;3;0;2;8;6;0;6;7;0;1;3;4;12;2;4;4;2;7
19;36;18;5;0;7;1;16;12;8;11;17;2;23;15;4;1;0;14;29;29;0;4;0;0;9;0;6;0;29;6;15;0;9;3;10;5;0;3;15;6;0;3;2;3;1;3;1;4;1;2;5;5;4
2;10;9;11;2;0;2;3;4;6;0;18;3;7;11;10;6;0;11;26;10;0;6;0;0;3;0;6;0;23;7;17;0;12;1;7;8;0;1;16;15;1;11;6;4;6;5;1;1;2;2;2;2;5
1;9;1;2;0;4;3;1;1;10;0;4;2;16;10;13;9;2;20;19;8;0;0;1;0;7;0;1;0;27;11;7;0;3;2;3;6;0;1;18;12;0;4;8;5;3;2;1;8;0;4;3;3;11
4;33;6;7;0;3;5;6;3;12;0;9;2;14;9;2;5;2;10;12;24;3;6;0;0;5;0;8;0;19;7;17;3;6;2;8;11;1;0;2;9;4;3;2;0;4;3;2;5;2;2;2;0;11
7;38;9;7;0;4;1;10;3;5;2;17;4;8;10;5;3;1;15;32;13;0;2;0;0;5;0;3;0;13;8;11;0;2;2;4;2;0;5;11;8;2;5;5;2;3;2;2;7;0;3;2;0;5
15;34;9;6;2;1;2;7;2;3;4;18;2;9;13;11;6;3;17;19;33;4;3;0;0;12;0;17;0;16;8;22;4;12;5;6;11;1;2;8;10;0;4;4;1;2;4;0;2;1;0;3;1;11
4;3;6;10;0;0;2;7;0;0;2;13;5;7;7;10;12;0;13;21;5;0;1;0;0;4;0;4;0;12;5;13;0;6;2;3;1;0;1;9;9;2;7;3;1;0;3;12;15;10;3;3;11;7
7;9;5;7;1;1;1;4;5;6;2;10;6;11;8;9;5;1;16;17;7;1;2;0;1;5;0;5;0;11;8;11;1;6;2;5;6;0;3;14;17;0;13;5;5;1;4;3;4;3;0;2;4;4
11;10;11;5;0;4;8;4;4;1;2;10;2;16;7;6;6;0;11;20;17;0;0;0;1;5;0;3;0;12;8;14;0;7;0;4;10;0;2;13;15;1;16;8;6;4;4;2;8;2;3;4;3;10
15;33;14;5;1;2;1;18;6;9;9;36;7;13;16;13;10;4;23;18;14;3;4;0;0;11;0;1;1;14;8;19;1;7;2;7;7;3;1;12;13;1;6;3;2;1;4;8;8;4;4;4;2;8
7;0;4;5;3;1;1;4;8;8;1;11;3;10;9;15;17;1;23;21;12;1;0;0;3;6;0;7;0;9;7;13;0;7;0;2;6;0;2;8;12;1;9;6;2;6;3;4;7;2;3;2;7;14
13;27;14;6;0;2;0;8;3;14;2;19;6;8;18;12;14;0;13;17;15;0;1;0;2;6;0;3;0;13;7;13;0;4;0;5;8;0;1;17;18;1;17;6;7;4;3;3;2;1;0;2;3;12
11;37;6;6;2;6;2;7;13;9;4;38;4;10;15;5;10;2;7;5;12;6;4;0;0;7;0;5;0;19;6;8;0;8;0;7;9;0;3;13;8;0;5;4;3;3;1;3;4;2;1;2;3;6
15;28;3;3;0;4;0;7;5;4;3;18;1;15;17;4;7;1;14;16;18;2;1;0;0;7;0;8;0;10;8;11;1;5;0;1;6;0;0;13;11;1;11;10;1;2;7;1;5;1;2;2;2;10
1;2;6;8;0;1;0;5;2;3;4;16;1;13;6;16;15;0;14;14;13;0;2;0;1;4;0;1;0;11;7;17;0;10;0;5;4;0;6;11;12;0;14;7;3;3;5;11;17;4;12;2;19;10
4;4;6;4;0;1;0;5;6;0;1;7;0;9;6;9;15;0;8;32;9;0;2;0;0;4;0;4;0;7;5;15;0;7;3;2;0;1;2;3;4;0;4;4;2;0;6;13;16;7;1;1;14;4
18;30;15;3;1;6;1;7;13;13;6;14;4;15;10;6;8;1;20;10;16;1;5;0;0;9;0;5;0;18;9;11;6;3;1;8;11;0;1;9;8;2;3;8;1;2;7;5;7;3;2;1;8;7
0;3;14;9;0;0;2;9;6;2;0;7;6;10;18;11;14;0;18;19;7;1;0;1;6;4;0;3;0;11;7;11;0;6;0;6;2;0;0;8;4;0;2;5;3;3;2;3;9;3;4;4;2;10
8;27;16;1;0;6;1;10;5;6;7;12;2;3;8;11;13;1;20;7;13;0;3;0;1;6;0;4;0;16;8;15;0;2;0;3;3;0;1;5;8;0;2;7;1;0;2;4;16;2;8;3;4;9
13;23;6;3;0;2;1;7;4;7;0;19;2;7;9;5;8;0;15;6;16;2;1;1;1;7;0;7;0;9;5;16;0;8;2;3;4;0;2;13;8;0;12;3;5;2;2;3;10;4;3;0;5;10
3;7;5;6;0;5;2;4;2;3;3;7;1;6;6;32;25;3;13;21;14;6;2;1;1;4;0;2;0;20;5;14;0;9;1;0;3;0;2;8;5;0;6;2;1;2;1;13;14;8;3;2;9;14
13;33;10;5;0;1;2;3;9;5;2;22;4;6;12;14;12;4;19;10;17;3;2;1;0;13;0;10;0;15;1;15;2;6;3;11;13;0;1;9;6;0;4;2;0;0;1;3;8;3;1;0;4;4
16;29;7;5;0;6;2;7;5;3;2;15;4;12;15;6;5;0;9;13;29;3;0;0;0;13;0;4;0;10;7;28;1;8;1;4;3;0;1;14;15;0;4;4;5;1;5;1;6;1;1;5;3;11
0;0;2;2;0;0;1;2;4;3;0;7;1;13;7;10;14;0;16;28;8;0;0;3;6;4;0;5;0;13;5;16;0;6;5;2;3;0;2;8;11;1;3;2;1;3;4;3;3;5;2;3;2;3
1;2;6;5;0;5;1;3;0;0;2;4;0;6;3;7;18;0;14;21;8;1;0;0;1;2;0;1;0;9;6;15;0;8;2;3;3;0;2;4;7;1;3;3;1;0;3;10;16;5;7;4;8;7
14;34;12;6;0;3;2;5;8;6;4;10;0;14;13;4;3;0;5;16;17;2;0;1;0;5;0;5;0;13;11;8;0;12;0;1;5;0;5;11;10;1;6;4;6;4;6;0;2;3;0;4;3;7
11;12;4;5;0;1;7;6;9;7;0;12;4;21;14;6;3;0;22;23;5;2;0;0;1;10;0;3;0;14;6;10;0;2;1;4;8;0;4;12;29;1;15;8;8;2;3;2;1;2;1;3;5;16
11;29;10;4;0;6;1;8;2;9;3;11;6;5;19;8;8;0;11;8;13;4;3;0;0;4;0;6;0;21;4;16;0;8;2;6;6;0;3;14;9;0;7;7;3;1;3;3;8;2;3;0;5;6
7;13;13;11;0;1;2;18;11;10;3;14;1;12;9;8;10;0;18;25;5;0;1;2;3;5;0;4;0;20;8;15;0;11;1;8;12;0;3;18;20;0;9;10;9;3;4;1;3;2;4;1;4;7
13;27;11;8;1;3;2;11;9;12;10;15;3;9;11;3;4;0;14;17;16;3;0;0;0;11;0;7;0;13;8;11;0;8;2;5;6;0;2;15;17;0;9;2;7;3;5;0;7;1;3;1;8;9
14;38;5;8;0;3;3;9;5;8;8;8;3;7;22;8;8;0;10;6;13;1;2;0;0;6;0;2;0;14;3;17;0;8;2;2;4;1;1;7;6;1;7;5;0;3;5;5;12;1;7;2;4;15
4;1;7;7;0;0;2;8;4;5;1;23;2;7;17;14;9;0;13;26;9;0;1;0;4;6;0;8;0;8;5;13;0;6;0;2;0;0;2;14;15;5;15;7;1;4;4;2;6;0;4;6;5;21
17;23;13;5;0;1;3;10;4;1;1;10;1;7;11;15;10;2;8;14;20;3;2;0;0;16;0;9;0;15;3;10;1;4;1;6;8;0;2;11;9;0;5;6;5;1;1;5;14;5;4;1;7;8
3;24;7;5;1;5;6;4;2;18;1;7;8;6;11;17;7;0;13;13;16;0;0;0;1;5;0;8;0;11;8;10;0;14;0;2;2;0;1;7;10;0;6;3;3;2;3;2;7;0;2;6;5;10
10;36;8;5;0;5;3;7;6;7;1;11;2;8;11;6;2;0;12;15;18;4;0;0;0;7;0;3;0;11;10;20;1;6;1;6;13;0;4;11;12;1;5;3;0;0;5;4;8;3;1;2;2;8
3;0;3;3;0;1;0;3;1;2;0;4;0;5;13;10;10;1;16;22;10;0;1;2;3;3;0;4;0;10;5;14;0;1;1;4;0;0;2;3;4;1;6;3;0;1;3;4;3;3;0;4;1;5
4;1;6;4;0;1;2;7;2;1;2;8;3;12;12;9;12;2;16;16;10;1;0;2;3;4;1;3;1;7;3;31;1;17;2;6;4;0;2;7;6;0;2;6;1;2;3;9;18;6;5;3;11;9
11;32;13;7;0;1;1;11;6;5;1;20;5;7;14;11;11;0;13;5;9;1;2;0;0;8;0;9;0;12;9;10;0;8;0;2;5;0;5;13;12;0;7;3;3;2;3;3;7;1;3;4;4;7
11;26;11;3;0;3;4;12;10;10;10;20;3;10;16;8;6;0;12;7;18;4;4;0;0;5;0;6;0;22;2;23;0;11;5;8;11;0;1;8;11;0;1;5;0;4;2;4;4;1;1;2;1;3
10;22;17;7;0;6;6;7;6;12;3;26;7;19;16;13;3;3;16;5;17;5;1;0;0;11;0;9;0;15;4;26;1;6;5;3;5;0;1;8;8;3;7;7;5;4;6;1;10;1;4;3;6;14
3;1;12;3;0;0;1;3;2;0;1;11;4;13;12;10;9;1;19;24;7;0;0;2;5;7;0;3;0;11;5;21;0;10;2;5;3;0;1;4;10;3;5;4;1;0;2;8;14;2;8;2;2;8
13;22;8;7;0;3;1;8;1;2;1;21;8;7;11;8;6;0;4;13;23;1;2;0;0;10;0;2;0;18;7;7;0;6;0;6;6;0;2;14;9;1;8;6;1;2;8;1;3;0;1;1;3;5
5;6;5;3;0;0;2;4;2;1;3;8;3;8;19;17;17;1;11;19;4;1;1;0;4;7;0;2;0;10;4;13;0;8;2;2;1;0;1;11;10;0;9;5;0;2;3;13;14;6;6;3;11;8
16;30;10;2;2;5;0;9;3;3;0;24;3;8;19;7;9;0;13;7;15;3;2;0;0;3;0;5;0;9;5;13;0;6;0;4;6;0;2;9;10;0;9;4;0;1;5;7;14;2;6;1;6;3
8;9;8;6;0;0;3;4;4;7;1;17;1;15;11;7;8;0;15;28;9;1;2;0;1;9;0;7;0;11;13;12;0;6;1;1;5;0;1;9;13;2;19;11;2;0;1;1;3;1;4;3;3;8
8;7;6;3;0;2;4;6;2;6;0;12;4;16;10;7;5;0;22;33;7;0;3;0;1;5;0;4;0;12;11;16;0;8;0;4;4;0;1;17;14;1;4;7;4;2;4;4;7;2;3;3;7;6
13;30;14;6;2;6;4;19;2;4;1;18;4;11;12;10;10;1;15;9;8;2;1;0;0;11;0;5;0;13;7;17;0;9;2;7;12;0;0;7;6;0;2;8;0;4;5;3;9;0;5;2;1;4
2;5;4;11;1;2;0;7;5;3;4;9;2;14;8;6;7;0;26;20;3;0;0;1;0;8;0;0;0;15;9;15;0;6;2;4;5;0;3;12;25;1;13;5;3;1;4;2;8;0;3;1;2;13
5;0;5;5;0;2;2;3;4;3;0;11;2;7;6;14;11;0;10;19;5;0;0;2;1;9;0;1;0;3;7;14;0;6;2;2;3;0;4;11;11;4;6;1;1;2;7;2;3;2;1;1;4;5
6;31;14;2;1;3;6;9;10;5;2;19;3;8;14;10;4;4;11;11;17;2;1;0;0;6;0;3;0;9;6;32;1;7;2;9;5;0;6;11;8;1;9;2;1;3;4;3;3;1;2;4;0;3
2;10;4;6;0;4;3;9;5;2;4;12;2;13;10;18;15;0;7;20;13;0;4;1;1;5;0;0;0;9;12;19;1;7;1;5;4;0;3;12;8;0;7;5;3;1;2;7;11;8;5;1;7;8
12;17;10;9;2;0;1;7;2;2;1;19;4;5;3;13;10;0;16;16;15;0;0;0;0;6;0;4;0;16;6;9;0;4;0;3;7;0;1;9;8;1;8;1;4;1;5;4;14;0;4;1;5;7
14;27;10;5;0;2;1;12;6;2;2;17;1;7;11;3;5;1;5;11;16;2;0;0;0;8;0;2;0;15;11;14;0;7;0;4;6;0;5;12;7;1;4;7;11;1;4;2;6;2;3;2;4;4
4;5;8;4;2;4;1;5;2;1;1;14;1;1;10;10;14;0;16;17;7;0;0;0;0;11;0;5;0;16;10;8;0;8;1;3;7;0;1;6;11;0;7;6;1;1;7;7;11;4;3;2;15;6
13;32;13;5;0;5;2;2;4;9;5;18;2;12;14;7;6;0;7;5;17;1;1;0;0;8;0;3;0;9;6;17;0;7;0;3;4;0;2;11;11;0;5;3;3;1;4;9;13;4;7;3;11;11
19;30;6;8;0;4;2;4;13;2;6;16;3;9;12;7;8;3;12;14;24;6;1;0;0;12;0;8;0;20;6;18;11;9;2;5;13;1;4;13;15;0;16;4;7;0;8;2;7;1;2;4;3;11
4;3;7;5;1;0;0;0;3;8;5;15;2;9;12;4;5;0;15;6;12;1;2;0;1;7;1;3;0;19;5;16;0;6;6;3;5;1;3;11;15;1;6;11;3;2;6;1;10;0;4;4;2;14
16;29;13;5;0;1;1;7;9;4;2;32;5;9;14;9;4;3;16;18;18;2;2;0;0;8;0;4;0;16;9;7;0;7;0;3;7;0;3;11;5;0;7;7;3;3;3;2;11;2;3;1;3;7
3;1;1;3;0;1;0;2;2;3;0;3;2;5;8;11;17;0;13;29;4;0;1;1;3;4;0;4;0;10;9;12;0;5;0;3;3;0;2;10;10;4;9;0;1;2;2;3;5;3;2;0;2;10
7;31;9;3;0;1;4;11;4;7;7;14;0;7;11;5;9;0;9;7;21;3;2;0;0;5;0;8;0;17;6;15;0;6;2;5;5;0;3;17;10;0;5;12;4;0;3;2;6;1;5;2;0;9
17;28;12;6;1;6;4;19;8;11;6;26;5;25;19;7;7;0;17;7;22;1;0;0;0;8;0;3;0;12;10;16;0;13;3;11;8;1;2;7;7;0;2;6;0;2;4;2;10;0;4;4;6;5
9;12;14;9;0;0;0;4;7;8;3;14;1;5;4;9;9;0;19;32;10;0;2;0;0;14;0;2;0;18;9;19;0;5;3;2;9;0;5;18;19;2;9;10;3;5;1;4;4;4;4;6;1;11
6;19;8;6;1;5;3;9;4;12;3;14;3;22;8;8;7;0;13;22;13;2;0;0;0;5;0;4;0;13;6;8;0;4;0;3;10;0;1;19;12;2;9;6;5;5;4;1;1;1;1;1;5;7
10;28;6;9;1;3;3;12;7;6;5;16;6;13;12;12;7;6;23;5;11;2;1;0;0;10;0;7;0;18;7;10;3;3;2;5;4;0;1;10;15;1;8;8;3;1;7;3;3;2;0;3;1;2
5;11;4;3;1;0;0;5;2;7;3;6;2;15;4;8;13;0;12;25;6;0;1;3;3;10;0;2;0;9;8;9;0;9;3;10;8;0;6;14;19;5;22;3;3;4;2;1;5;0;1;3;5;13
13;35;6;2;0;4;0;12;5;0;2;15;7;15;14;3;2;0;11;14;19;1;3;0;0;8;0;5;0;20;5;29;1;15;0;5;7;0;1;13;7;0;6;5;2;3;3;0;0;1;0;2;5;6
10;11;4;10;0;1;0;1;4;0;2;4;1;11;11;9;11;1;9;29;16;0;1;1;3;7;0;5;0;12;11;24;0;12;3;4;3;0;2;6;10;0;8;1;1;1;4;7;16;6;6;12;6;9
0;0;7;7;0;3;4;1;2;1;2;7;0;3;8;18;21;2;8;29;16;0;0;0;3;2;0;2;0;9;8;9;0;5;2;5;2;0;3;6;6;0;7;6;4;3;4;2;13;1;6;1;3;5
4;0;3;2;0;2;1;4;5;0;1;13;0;6;9;15;14;0;19;29;4;1;1;0;3;2;0;2;0;10;6;12;0;4;2;2;1;0;0;7;8;0;3;4;1;2;6;6;13;6;5;0;5;8
15;30;17;5;0;1;1;6;6;7;1;15;2;6;18;10;11;2;13;13;20;4;4;0;0;11;0;9;0;19;5;14;0;3;1;7;4;0;0;5;4;0;1;8;0;0;4;4;9;1;8;3;4;6
14;13;6;6;0;1;1;10;2;5;0;15;6;6;15;5;10;1;12;20;19;1;0;2;1;7;0;4;0;13;5;23;0;8;1;1;1;0;0;15;8;1;8;7;5;1;5;4;6;3;4;11;2;6
2;3;4;2;0;1;0;9;2;5;0;10;3;6;3;16;14;0;12;26;7;0;0;2;4;6;0;2;0;7;8;11;0;6;2;2;1;0;0;9;6;0;10;3;1;2;4;1;4;3;2;2;2;11
19;12;10;9;2;2;2;4;1;0;0;12;4;11;7;9;19;0;12;18;12;1;2;1;1;10;0;3;0;19;8;12;0;6;3;2;3;0;2;7;6;0;5;2;1;1;3;9;22;4;9;0;10;11
9;22;6;5;1;2;0;5;1;9;4;10;6;21;7;3;1;0;14;31;5;0;3;0;0;13;0;7;0;20;16;10;0;4;1;5;9;0;3;18;23;3;13;7;3;3;2;2;1;0;0;1;5;9
16;31;14;7;0;3;4;13;2;7;1;16;4;6;10;6;5;0;13;20;17;2;4;0;0;11;0;6;0;10;14;18;0;7;1;4;7;0;1;9;25;1;10;7;6;0;6;0;1;0;1;3;4;10
1;2;6;2;0;2;2;6;4;1;0;15;4;9;6;14;13;0;14;23;11;2;2;1;5;6;0;6;0;9;5;16;0;2;3;1;5;0;1;4;3;0;7;3;1;2;3;2;9;1;2;2;5;6
11;12;14;6;1;2;0;8;1;2;3;18;3;3;11;9;18;5;8;21;19;1;0;1;0;8;0;1;0;16;10;9;0;6;3;2;6;0;1;7;12;0;7;5;1;0;6;8;16;2;7;1;11;6
15;27;9;5;1;1;3;12;9;8;4;13;4;20;15;5;2;0;11;6;18;1;0;1;0;12;1;8;0;26;8;9;3;3;3;6;2;1;5;15;15;0;5;1;1;1;4;3;7;1;1;0;1;8
10;26;9;6;0;4;3;8;2;6;9;17;5;13;20;7;0;0;8;17;16;2;1;0;0;12;0;8;0;17;7;16;0;4;1;2;6;0;1;16;17;1;13;5;3;6;7;0;3;2;2;1;7;6
6;31;16;5;0;1;4;14;6;6;2;15;3;10;22;4;9;1;15;19;16;0;4;0;0;14;0;9;0;17;5;21;0;7;0;10;6;0;1;6;5;1;7;4;0;0;4;4;5;2;1;1;1;8
13;22;15;3;0;3;3;16;4;4;5;25;5;9;16;7;10;0;15;6;21;1;3;0;0;9;1;3;0;15;7;14;0;6;0;4;4;0;5;6;7;0;4;2;1;3;4;2;4;1;1;3;5;8
21;24;9;7;0;4;1;12;3;2;4;11;3;16;14;4;5;0;9;19;14;0;1;0;0;4;0;6;0;19;12;14;0;6;0;1;2;0;2;11;11;0;5;6;10;5;4;0;7;0;2;1;3;6
7;30;7;12;0;2;0;8;5;9;2;21;7;9;5;12;9;0;21;18;20;2;3;0;0;8;0;5;0;11;8;12;0;5;0;5;7;1;2;15;18;1;12;9;3;3;0;2;1;0;0;3;6;8
1;0;9;5;0;0;1;0;2;4;1;10;1;9;13;17;17;0;10;27;9;1;0;0;3;4;0;5;0;11;12;9;0;5;3;0;2;0;2;17;7;0;4;4;0;2;6;1;16;1;8;2;4;9
11;33;7;11;0;1;2;6;12;6;2;23;5;9;13;7;10;1;11;6;17;3;2;0;0;10;0;4;0;8;6;15;0;7;3;4;8;0;5;10;10;1;13;8;2;2;4;2;3;3;1;3;7;15
4;5;6;6;0;1;1;4;3;2;0;13;1;4;13;16;11;0;16;24;7;0;0;0;4;6;0;4;0;9;6;14;0;4;5;3;2;0;2;9;8;0;8;3;3;0;3;2;6;3;1;1;1;8
8;21;7;8;1;0;1;7;1;4;2;7;3;14;4;6;2;0;14;19;8;0;2;0;0;5;0;5;0;7;12;9;0;4;3;3;7;0;0;13;15;0;10;7;5;3;2;3;5;0;4;0;5;14
10;26;8;6;0;4;1;7;11;4;7;18;1;11;13;2;0;0;10;11;10;0;5;0;0;14;0;4;0;19;6;17;1;12;1;8;11;0;2;14;9;0;5;7;0;1;5;0;5;0;5;6;1;2
19;27;27;7;0;7;1;9;8;7;4;20;3;15;18;15;14;2;24;14;23;1;4;1;1;8;0;6;1;19;2;24;2;7;6;7;13;0;0;14;13;2;8;4;1;4;1;3;10;0;7;1;5;11
14;34;16;5;1;4;1;13;10;9;14;25;5;13;9;12;7;5;13;28;13;4;1;0;1;17;1;8;0;14;7;20;0;4;1;2;3;0;2;13;15;0;11;6;3;0;4;0;4;1;2;3;4;8
10;36;14;7;0;7;2;11;5;4;2;16;1;10;12;5;3;0;11;14;19;2;2;0;0;13;0;11;0;16;6;24;0;5;4;4;6;0;1;11;12;0;9;8;3;3;8;3;13;1;5;2;3;8
7;15;11;10;0;0;2;4;8;4;2;11;4;9;6;15;16;0;5;29;14;1;0;1;3;12;0;7;0;11;7;8;0;6;0;2;2;0;2;10;10;0;11;5;1;3;4;10;11;3;10;5;8;8
12;33;10;3;0;0;0;10;5;2;4;26;10;8;18;9;6;4;9;12;9;6;4;0;0;8;0;7;0;18;7;14;0;4;0;3;8;0;2;13;10;0;4;5;4;2;2;3;8;1;4;0;2;5
19;36;17;3;1;4;0;12;6;5;7;21;7;11;20;11;9;2;15;30;17;0;1;0;0;9;0;7;0;20;9;14;1;5;0;1;7;1;0;15;6;0;5;2;3;2;3;2;6;2;2;1;3;4
7;6;10;12;0;0;4;6;4;0;1;11;3;2;5;11;15;0;9;25;17;2;2;0;0;6;0;4;0;17;11;6;0;2;0;5;5;0;0;7;11;0;5;4;2;3;2;9;12;5;7;5;6;7
12;27;9;3;0;6;3;9;9;7;3;10;0;8;10;7;1;1;10;29;25;6;1;0;0;11;0;4;0;16;5;13;1;5;2;5;6;0;6;15;5;0;5;10;3;4;5;3;4;2;3;3;5;10
6;29;11;1;0;5;0;6;6;3;1;16;7;6;14;3;1;0;9;12;20;4;0;0;0;7;0;9;0;21;5;21;2;8;0;5;8;0;7;8;9;0;10;3;3;3;4;1;6;3;2;4;3;6
12;35;11;3;0;2;6;7;8;10;4;23;6;11;15;7;4;0;14;11;19;3;4;0;0;12;0;3;0;23;3;17;2;18;0;7;8;0;3;13;11;0;9;5;6;1;7;5;3;2;1;4;1;10
8;31;8;8;0;1;2;13;9;5;6;11;1;8;16;10;5;0;18;14;18;2;3;0;0;18;0;4;0;11;4;18;0;6;0;4;7;1;3;26;19;1;13;7;6;0;4;3;7;2;5;2;1;7
14;34;8;8;0;4;1;9;0;6;0;12;8;10;11;10;7;1;12;14;16;5;8;0;1;12;0;2;0;11;5;19;0;9;2;2;5;0;5;15;16;0;5;7;2;0;1;0;9;1;2;2;0;6
11;33;12;5;0;2;2;7;4;4;2;20;3;8;10;7;1;0;10;29;19;0;1;0;0;13;0;1;0;14;9;12;0;7;1;2;2;0;0;13;13;0;8;10;5;0;2;2;6;1;3;4;5;8
15;34;14;4;1;5;1;22;1;11;0;18;5;15;14;3;4;1;13;19;13;1;1;0;0;13;0;5;0;14;6;18;0;8;0;6;6;0;1;11;15;2;15;2;4;4;3;2;7;1;4;5;2;10
8;34;10;7;0;1;1;12;7;7;5;12;7;14;10;0;1;1;10;22;7;2;2;0;0;6;0;9;0;8;9;19;3;8;0;3;3;0;2;15;10;0;6;5;3;5;2;1;5;3;3;1;0;7
10;28;16;5;1;1;1;6;1;0;2;11;4;4;13;7;6;0;13;13;11;0;1;0;1;10;0;8;0;14;6;19;0;5;0;8;6;0;0;8;15;0;7;9;2;1;4;6;5;2;0;2;6;9
22;30;8;3;1;0;1;8;8;10;12;24;4;11;16;12;2;0;10;7;14;4;2;0;0;9;0;10;0;15;5;15;0;8;0;5;8;0;2;13;17;2;9;10;4;2;6;2;5;1;4;13;2;8
18;28;8;5;3;5;4;4;18;8;10;11;5;19;8;7;5;5;12;21;23;1;1;0;0;9;0;7;0;25;7;18;0;8;1;8;10;0;1;14;19;0;11;8;6;1;6;3;4;1;3;4;1;10
11;22;7;5;0;6;4;7;6;0;6;21;5;9;13;5;4;0;13;12;9;0;5;0;0;20;0;5;0;10;10;19;0;4;3;6;5;0;1;9;12;0;8;9;5;3;4;2;10;0;4;4;2;10
15;39;9;3;0;5;5;6;5;6;0;12;1;15;12;2;1;0;17;13;13;4;1;0;0;15;0;7;0;15;11;23;1;5;1;4;3;0;0;11;16;1;9;7;2;0;6;1;9;2;6;7;6;12
11;37;14;3;0;3;6;5;6;13;6;17;2;17;8;4;2;3;8;22;15;2;1;0;0;9;0;3;0;19;11;6;0;5;0;3;2;1;1;8;3;1;0;6;0;3;1;0;3;1;2;3;4;5
7;8;8;4;0;2;7;4;2;7;1;12;5;13;9;7;12;0;19;26;9;2;1;1;4;13;1;6;0;7;4;17;0;6;2;1;4;0;2;7;6;1;8;5;1;3;7;2;5;1;4;4;2;6
15;35;9;6;0;5;4;3;6;7;1;13;9;14;22;7;4;2;3;16;15;1;4;0;0;8;0;4;0;19;6;20;0;3;1;7;4;1;0;7;9;0;8;2;3;1;3;1;7;1;3;5;3;6
17;29;11;6;0;1;0;12;10;6;2;28;7;14;10;16;10;4;6;10;20;4;4;0;0;7;0;4;0;17;4;18;8;9;5;4;10;1;1;13;14;0;4;3;3;1;2;1;11;2;5;3;1;11
9;24;15;6;1;2;1;5;0;7;1;13;7;6;16;16;9;0;18;13;11;1;1;3;0;21;0;6;0;16;8;18;0;4;1;6;10;0;1;11;10;0;6;4;0;1;2;2;13;3;7;2;3;4
3;3;9;7;1;2;3;3;1;5;1;13;3;3;14;19;17;0;7;23;8;0;1;2;4;9;0;8;0;11;10;19;0;6;2;2;1;0;4;9;10;1;8;3;1;1;5;8;17;6;5;3;4;9
4;2;9;7;2;1;1;2;0;0;3;13;3;6;6;8;16;0;10;21;7;0;0;0;1;10;0;6;0;12;11;26;0;4;3;2;7;0;1;4;9;0;4;3;1;0;4;11;21;6;9;3;13;9
19;24;6;4;0;0;2;2;8;10;4;16;2;7;16;9;2;1;9;11;13;2;2;0;0;9;0;4;0;15;5;12;2;9;1;3;7;0;2;14;3;0;10;5;2;1;3;2;1;3;0;5;3;9
14;39;16;3;1;3;2;18;6;9;7;15;4;9;18;5;1;0;16;19;18;1;1;0;0;7;0;5;0;20;8;15;4;6;2;4;6;0;2;9;5;0;1;1;2;2;1;4;3;1;1;4;4;6
2;0;3;3;0;2;1;3;2;3;5;14;3;5;12;15;12;0;17;35;7;0;1;2;5;10;0;4;0;6;10;14;0;6;1;1;2;0;3;7;7;0;5;2;1;2;0;1;11;2;4;5;6;6
8;14;10;3;0;0;0;5;3;9;0;11;4;7;11;8;11;1;18;28;15;0;1;0;0;10;0;1;1;17;10;13;2;12;1;3;4;0;1;12;16;0;13;15;8;2;7;0;5;3;3;1;7;12
15;36;23;8;0;3;3;6;6;3;1;12;6;12;9;13;9;3;20;19;21;2;5;1;0;11;0;6;0;26;6;20;1;7;1;6;17;1;4;8;10;1;6;4;6;1;2;0;8;0;3;3;2;8
14;22;15;8;0;2;1;14;6;8;1;24;8;10;14;5;3;0;7;10;16;2;3;0;0;9;0;5;0;16;6;18;0;6;0;7;8;0;2;17;12;0;8;14;5;2;4;2;4;0;3;2;4;12
19;35;6;4;0;8;2;6;3;11;6;12;2;10;20;6;0;1;14;16;26;2;4;0;0;12;0;5;0;22;8;24;5;4;4;10;6;0;3;15;7;0;5;5;1;5;3;2;6;2;4;1;7;13
8;18;19;9;1;1;1;5;2;4;0;24;5;15;16;4;3;0;24;26;10;4;1;0;0;8;0;8;0;9;10;17;0;14;2;8;10;0;3;10;10;0;8;13;3;9;5;2;6;2;2;4;6;8
20;34;12;4;0;2;1;7;5;1;3;10;1;10;10;6;4;0;11;13;22;3;2;0;0;9;0;5;0;17;6;17;0;11;1;3;5;0;0;12;19;1;6;7;2;3;4;2;3;1;1;2;2;8
2;1;8;1;3;0;0;3;4;5;1;5;2;6;4;12;11;0;15;24;6;0;1;1;4;14;0;2;0;6;6;18;2;8;1;3;4;0;2;7;8;0;6;5;2;0;4;4;4;3;3;5;1;4
2;5;6;8;1;1;1;4;1;4;1;12;4;7;8;14;13;0;19;25;11;2;1;0;4;12;0;1;0;7;10;19;0;6;0;6;2;0;3;15;12;0;11;7;11;5;4;2;7;1;2;3;5;14
12;29;18;5;2;3;1;17;8;5;2;26;8;8;11;9;3;0;14;15;13;0;2;0;0;17;0;10;0;12;6;24;0;4;4;3;8;0;3;8;9;2;12;11;7;2;5;2;12;3;4;5;6;7
5;10;5;6;2;3;0;1;5;11;3;8;1;15;14;12;8;0;19;24;9;1;1;0;1;10;1;2;0;16;10;11;0;6;2;3;8;1;1;21;18;0;13;11;9;3;3;0;4;0;2;4;7;11
21;33;13;4;0;4;6;4;7;2;6;10;3;6;14;9;5;2;7;15;19;3;3;0;0;14;0;6;0;17;10;16;2;9;1;5;4;0;3;9;4;0;6;2;0;2;2;2;3;1;2;9;4;10
12;33;8;3;0;4;1;9;5;3;1;20;2;7;11;8;4;0;10;6;17;1;3;0;0;19;0;8;0;20;4;18;0;11;4;3;8;0;0;11;14;0;14;7;5;5;4;2;5;2;2;1;4;15
6;29;15;1;0;2;1;21;9;9;3;22;2;11;18;6;2;0;16;8;20;2;2;0;0;12;0;8;0;11;4;21;1;3;2;8;10;0;1;12;14;1;6;3;3;1;6;5;20;3;11;3;10;5
15;37;9;4;0;7;2;9;10;3;1;19;3;8;13;11;9;0;15;11;24;1;1;0;0;5;0;3;0;20;7;10;0;9;0;6;6;0;3;15;11;0;9;13;8;1;3;3;6;2;6;5;3;6
2;4;7;3;0;1;0;1;5;6;3;8;1;23;6;10;7;1;17;29;6;0;0;0;2;7;0;4;0;12;6;16;0;8;3;7;6;0;1;18;22;2;13;18;11;3;2;2;7;3;3;5;14;12
5;4;8;5;1;2;0;6;1;3;1;7;2;4;9;9;15;0;22;20;11;1;0;0;2;9;0;8;0;8;9;15;0;6;0;3;5;0;2;9;7;0;7;7;3;1;7;11;15;9;5;3;8;9
2;1;3;6;0;0;0;0;3;3;0;9;2;3;12;15;13;0;19;25;6;1;1;0;5;7;0;4;0;6;9;14;0;5;0;2;1;0;0;13;10;2;9;8;5;1;4;3;5;1;2;2;9;10
11;31;17;3;0;4;1;5;9;9;4;17;5;16;15;4;1;0;17;12;15;0;3;0;0;12;0;0;0;15;4;17;0;10;2;1;4;1;2;11;10;0;7;8;1;2;5;1;10;1;4;1;4;12
3;1;4;5;0;0;0;6;2;1;0;11;3;7;6;12;10;0;5;19;6;0;2;0;2;8;0;3;0;7;10;19;0;2;0;4;2;0;6;10;3;0;1;5;3;1;5;10;16;9;5;2;8;8
4;11;6;8;0;1;3;4;5;4;1;12;5;5;7;13;14;0;8;26;7;0;0;0;5;14;0;5;0;7;10;15;0;5;2;4;1;0;0;17;12;0;17;10;8;1;3;13;14;7;2;10;18;13
2;13;6;5;1;1;1;4;7;6;3;8;4;13;8;9;5;0;17;34;9;0;1;0;2;10;0;5;0;26;5;13;0;7;0;5;5;0;1;18;21;3;15;12;6;4;6;3;3;2;0;1;3;7
17;20;9;8;0;2;0;4;5;7;3;22;6;5;11;13;5;0;24;21;13;0;1;0;0;9;0;4;0;13;3;12;0;3;4;0;10;0;4;15;19;0;18;5;9;2;7;1;2;1;2;3;4;9
6;6;7;2;0;1;0;8;2;0;1;13;3;4;10;11;10;1;14;37;11;0;0;0;0;8;0;3;0;15;6;10;0;2;0;1;3;0;0;4;6;0;3;5;4;0;7;2;9;2;6;1;4;3
6;13;9;5;0;0;0;11;0;6;1;16;3;7;12;18;8;0;16;18;12;0;1;0;1;12;0;4;0;11;4;18;0;4;4;3;3;1;2;8;9;0;13;5;6;0;4;6;11;3;1;4;5;8
15;33;6;5;0;5;2;5;6;6;3;12;3;12;13;1;0;0;8;25;22;1;1;0;0;11;0;3;0;13;6;12;1;7;1;4;5;0;0;7;6;0;6;4;10;1;4;4;2;4;2;2;4;7
15;32;6;6;1;8;5;7;5;5;17;14;6;13;7;8;7;2;8;22;12;1;5;0;0;9;0;5;0;8;10;17;7;6;2;6;11;0;3;10;14;0;10;7;2;1;8;1;7;2;2;2;3;10
5;3;4;6;0;6;1;6;9;2;0;10;2;10;19;18;15;0;13;14;6;0;2;2;3;9;0;3;0;12;8;24;1;16;4;6;6;0;2;12;13;0;10;10;5;3;1;13;19;10;10;3;13;11
7;35;13;7;0;5;0;8;7;9;0;23;10;10;10;15;13;2;22;14;24;1;1;0;0;13;1;11;0;18;8;13;0;7;2;7;13;0;0;10;14;0;11;6;7;6;2;3;9;2;4;1;2;9
17;31;17;6;1;5;3;6;13;3;9;18;3;9;13;11;7;0;12;12;19;1;1;0;0;23;1;7;0;15;9;22;2;8;1;7;12;1;0;16;6;0;18;6;3;2;4;2;9;2;4;3;1;9
3;3;5;5;0;1;0;4;5;6;1;5;2;11;4;13;9;0;16;27;7;0;1;1;1;13;0;1;0;12;12;11;0;3;3;3;3;0;4;17;14;1;14;10;6;4;0;6;7;4;1;6;3;14
10;9;13;9;2;2;0;2;1;1;1;5;3;4;4;22;11;1;11;28;16;0;1;0;3;10;0;3;0;15;13;19;0;5;0;4;5;0;0;8;6;1;3;3;4;2;0;16;18;10;5;11;10;12
24;32;8;2;0;5;3;10;13;7;6;14;1;16;20;5;0;0;10;11;11;5;5;0;0;18;0;8;0;9;9;17;0;2;3;3;6;0;3;13;11;0;6;10;6;0;5;6;8;2;3;3;4;4
9;35;10;4;0;12;7;8;7;6;5;14;6;19;15;11;7;1;17;19;21;2;1;0;0;17;0;11;0;28;4;18;15;11;1;4;12;0;2;8;10;0;5;5;2;4;4;0;6;1;5;4;5;5
6;2;12;1;3;0;1;7;1;3;4;11;2;5;12;9;12;0;16;19;9;0;0;0;2;4;0;3;0;10;12;10;1;7;0;1;1;0;1;4;5;2;1;5;4;0;3;8;22;9;10;2;5;9
14;28;16;3;1;3;5;9;2;3;2;22;3;8;17;8;10;0;7;5;19;4;1;0;0;17;0;8;0;14;6;16;0;13;2;4;7;0;0;10;12;0;5;6;2;0;1;1;8;1;1;2;2;7
8;8;5;7;0;3;1;6;2;1;1;27;9;6;5;13;11;1;18;23;10;1;0;0;0;9;0;2;0;11;8;16;0;9;1;2;4;1;4;4;12;0;3;5;1;3;2;9;12;11;5;3;5;5
3;8;16;2;0;1;0;7;3;1;1;17;6;4;10;15;8;0;13;22;6;0;1;0;0;7;0;6;0;9;8;6;0;5;3;2;7;0;1;7;8;0;8;3;1;1;2;1;6;2;5;3;1;4
14;25;14;4;1;1;1;8;7;5;1;15;3;15;14;4;2;0;13;17;18;1;1;0;0;10;0;3;0;18;4;22;0;11;0;3;4;0;1;13;11;2;6;5;3;1;4;2;10;0;9;3;5;3
8;10;17;9;0;2;4;4;10;9;5;8;1;19;13;5;2;0;21;19;11;0;1;0;3;11;2;1;0;10;13;11;0;5;1;1;9;0;4;15;25;0;16;11;8;5;3;1;6;1;5;4;9;9
5;2;1;4;0;1;1;6;3;4;1;10;4;1;9;16;17;0;10;25;11;1;0;1;4;9;0;1;0;8;6;16;0;4;2;2;2;0;2;13;17;0;5;8;2;1;6;7;9;4;2;6;5;6
6;20;15;10;1;0;1;8;6;1;2;16;2;13;11;15;9;0;27;22;13;0;1;0;0;10;0;5;0;18;11;8;0;7;0;3;4;0;1;17;12;0;10;7;5;2;0;3;2;2;1;3;8;5
17;28;15;2;0;2;1;10;6;7;7;18;5;6;8;3;3;0;15;23;11;1;3;0;0;4;0;3;1;25;7;17;0;7;0;5;9;0;1;10;4;0;0;5;0;0;3;3;11;2;3;2;5;7
7;3;3;8;1;0;0;5;5;0;0;9;3;5;16;9;11;0;10;20;6;0;1;1;0;6;0;3;0;11;11;21;0;6;3;2;0;0;3;7;10;0;4;5;2;0;3;13;16;4;6;3;9;11
14;32;5;12;1;9;7;9;8;8;13;15;8;8;18;8;4;0;7;33;20;3;5;0;0;17;0;6;0;18;6;13;1;10;2;2;6;0;0;9;9;0;3;6;2;2;2;3;9;2;5;1;3;8
5;9;3;3;0;0;0;7;3;2;0;8;5;6;12;14;15;0;11;11;13;2;0;0;3;10;0;1;0;11;3;14;0;5;0;4;8;0;3;10;10;1;11;5;0;2;3;4;6;2;3;1;3;6
4;1;7;1;0;2;0;1;4;4;2;9;0;9;10;15;13;1;7;11;12;0;0;2;4;10;0;2;0;15;3;25;2;18;4;2;4;0;2;5;4;0;3;8;2;2;5;11;20;7;8;1;10;6